[
       {
          "type":"Feature",
          "properties":{
             "mag":0.61,
             "place":"4km NW of The Geysers, CA",
             "time":1601647023860,
             "updated":1601647118508,
             "tz":null,
             "url":"https://earthquake.usgs.gov/earthquakes/eventpage/nc73465701",
             "detail":"https://earthquake.usgs.gov/earthquakes/feed/v1.0/detail/nc73465701.geojson",
             "felt":null,
             "cdi":null,
             "mmi":null,
             "alert":null,
             "status":"automatic",
             "tsunami":0,
             "sig":6,
             "net":"nc",
             "code":"73465701",
             "ids":",nc73465701,",
             "sources":",nc,",
             "types":",nearby-cities,origin,phase-data,",
             "nst":12,
             "dmin":0.005737,
             "rms":0.07,
             "gap":79,
             "magType":"md",
             "type":"earthquake",
             "title":"M 0.6 - 4km NW of The Geysers, CA"
          },
          "geometry":{
             "type":"Point",
             "coordinates":[
                -122.7883301,
                38.8061676,
                1.84
             ]
          },
          "id":"nc73465701"
       },
       {
          "type":"Feature",
          "properties":{
             "mag":0.92,
             "place":"20km ESE of Little Lake, CA",
             "time":1601646042290,
             "updated":1601646250995,
             "tz":null,
             "url":"https://earthquake.usgs.gov/earthquakes/eventpage/ci39649792",
             "detail":"https://earthquake.usgs.gov/earthquakes/feed/v1.0/detail/ci39649792.geojson",
             "felt":null,
             "cdi":null,
             "mmi":null,
             "alert":null,
             "status":"automatic",
             "tsunami":0,
             "sig":13,
             "net":"ci",
             "code":"39649792",
             "ids":",ci39649792,",
             "sources":",ci,",
             "types":",nearby-cities,origin,phase-data,scitech-link,",
             "nst":15,
             "dmin":0.08,
             "rms":0.11,
             "gap":74,
             "magType":"ml",
             "type":"earthquake",
             "title":"M 0.9 - 20km ESE of Little Lake, CA"
          },
          "geometry":{
             "type":"Point",
             "coordinates":[
                -117.699,
                35.8781667,
                3.68
             ]
          },
          "id":"ci39649792"
       },
       {
          "type":"Feature",
          "properties":{
             "mag":1.33,
             "place":"5km N of Big Bear City, CA",
             "time":1601645755620,
             "updated":1601646402220,
             "tz":null,
             "url":"https://earthquake.usgs.gov/earthquakes/eventpage/ci39649784",
             "detail":"https://earthquake.usgs.gov/earthquakes/feed/v1.0/detail/ci39649784.geojson",
             "felt":null,
             "cdi":null,
             "mmi":null,
             "alert":null,
             "status":"automatic",
             "tsunami":0,
             "sig":27,
             "net":"ci",
             "code":"39649784",
             "ids":",ci39649784,",
             "sources":",ci,",
             "types":",focal-mechanism,nearby-cities,origin,phase-data,scitech-link,",
             "nst":33,
             "dmin":0.04832,
             "rms":0.24,
             "gap":52,
             "magType":"ml",
             "type":"earthquake",
             "title":"M 1.3 - 5km N of Big Bear City, CA"
          },
          "geometry":{
             "type":"Point",
             "coordinates":[
                -116.849,
                34.303,
                4.98
             ]
          },
          "id":"ci39649784"
       },
       {
          "type":"Feature",
          "properties":{
             "mag":2.11,
             "place":"5km NNW of Big Bear City, CA",
             "time":1601645666320,
             "updated":1601646318130,
             "tz":null,
             "url":"https://earthquake.usgs.gov/earthquakes/eventpage/ci39649768",
             "detail":"https://earthquake.usgs.gov/earthquakes/feed/v1.0/detail/ci39649768.geojson",
             "felt":1,
             "cdi":0,
             "mmi":null,
             "alert":null,
             "status":"automatic",
             "tsunami":0,
             "sig":68,
             "net":"ci",
             "code":"39649768",
             "ids":",ci39649768,",
             "sources":",ci,",
             "types":",dyfi,focal-mechanism,nearby-cities,origin,phase-data,scitech-link,",
             "nst":71,
             "dmin":0.0525,
             "rms":0.18,
             "gap":24,
             "magType":"ml",
             "type":"earthquake",
             "title":"M 2.1 - 5km NNW of Big Bear City, CA"
          },
          "geometry":{
             "type":"Point",
             "coordinates":[
                -116.8628333,
                34.3043333,
                2.51
             ]
          },
          "id":"ci39649768"
       },
       {
          "type":"Feature",
          "properties":{
             "mag":1.5,
             "place":"5km ENE of Westmorland, CA",
             "time":1601645053670,
             "updated":1601645291132,
             "tz":null,
             "url":"https://earthquake.usgs.gov/earthquakes/eventpage/ci39649760",
             "detail":"https://earthquake.usgs.gov/earthquakes/feed/v1.0/detail/ci39649760.geojson",
             "felt":null,
             "cdi":null,
             "mmi":null,
             "alert":null,
             "status":"automatic",
             "tsunami":0,
             "sig":35,
             "net":"ci",
             "code":"39649760",
             "ids":",ci39649760,",
             "sources":",ci,",
             "types":",nearby-cities,origin,phase-data,scitech-link,",
             "nst":16,
             "dmin":0.02176,
             "rms":0.22,
             "gap":65,
             "magType":"ml",
             "type":"earthquake",
             "title":"M 1.5 - 5km ENE of Westmorland, CA"
          },
          "geometry":{
             "type":"Point",
             "coordinates":[
                -115.568,
                33.0566667,
                4.03
             ]
          },
          "id":"ci39649760"
       },
       {
          "type":"Feature",
          "properties":{
             "mag":1.23,
             "place":"4km ENE of Westmorland, CA",
             "time":1601644773010,
             "updated":1601644981102,
             "tz":null,
             "url":"https://earthquake.usgs.gov/earthquakes/eventpage/ci39649752",
             "detail":"https://earthquake.usgs.gov/earthquakes/feed/v1.0/detail/ci39649752.geojson",
             "felt":null,
             "cdi":null,
             "mmi":null,
             "alert":null,
             "status":"automatic",
             "tsunami":0,
             "sig":23,
             "net":"ci",
             "code":"39649752",
             "ids":",ci39649752,",
             "sources":",ci,",
             "types":",nearby-cities,origin,phase-data,scitech-link,",
             "nst":11,
             "dmin":0.01176,
             "rms":0.28,
             "gap":103,
             "magType":"ml",
             "type":"earthquake",
             "title":"M 1.2 - 4km ENE of Westmorland, CA"
          },
          "geometry":{
             "type":"Point",
             "coordinates":[
                -115.5831667,
                33.05,
                10.18
             ]
          },
          "id":"ci39649752"
       },
       {
          "type":"Feature",
          "properties":{
             "mag":5.1,
             "place":"97 km NW of Port-Vila, Vanuatu",
             "time":1601644586975,
             "updated":1601646525040,
             "tz":null,
             "url":"https://earthquake.usgs.gov/earthquakes/eventpage/us6000c4rx",
             "detail":"https://earthquake.usgs.gov/earthquakes/feed/v1.0/detail/us6000c4rx.geojson",
             "felt":null,
             "cdi":null,
             "mmi":null,
             "alert":null,
             "status":"reviewed",
             "tsunami":0,
             "sig":400,
             "net":"us",
             "code":"6000c4rx",
             "ids":",us6000c4rx,",
             "sources":",us,",
             "types":",origin,phase-data,",
             "nst":null,
             "dmin":1.753,
             "rms":0.77,
             "gap":66,
             "magType":"mb",
             "type":"earthquake",
             "title":"M 5.1 - 97 km NW of Port-Vila, Vanuatu"
          },
          "geometry":{
             "type":"Point",
             "coordinates":[
                167.6109,
                -17.166,
                9.64
             ]
          },
          "id":"us6000c4rx"
       },
       {
          "type":"Feature",
          "properties":{
             "mag":0.93,
             "place":"12km SW of Searles Valley, CA",
             "time":1601644567740,
             "updated":1601644782294,
             "tz":null,
             "url":"https://earthquake.usgs.gov/earthquakes/eventpage/ci39649744",
             "detail":"https://earthquake.usgs.gov/earthquakes/feed/v1.0/detail/ci39649744.geojson",
             "felt":null,
             "cdi":null,
             "mmi":null,
             "alert":null,
             "status":"automatic",
             "tsunami":0,
             "sig":13,
             "net":"ci",
             "code":"39649744",
             "ids":",ci39649744,",
             "sources":",ci,",
             "types":",nearby-cities,origin,phase-data,scitech-link,",
             "nst":15,
             "dmin":0.09604,
             "rms":0.12,
             "gap":164,
             "magType":"ml",
             "type":"earthquake",
             "title":"M 0.9 - 12km SW of Searles Valley, CA"
          },
          "geometry":{
             "type":"Point",
             "coordinates":[
                -117.491,
                35.6798333,
                4.76
             ]
          },
          "id":"ci39649744"
       },
       {
          "type":"Feature",
          "properties":{
             "mag":1.89,
             "place":"5km NNW of Big Bear City, CA",
             "time":1601644527770,
             "updated":1601645169720,
             "tz":null,
             "url":"https://earthquake.usgs.gov/earthquakes/eventpage/ci39649736",
             "detail":"https://earthquake.usgs.gov/earthquakes/feed/v1.0/detail/ci39649736.geojson",
             "felt":null,
             "cdi":null,
             "mmi":null,
             "alert":null,
             "status":"automatic",
             "tsunami":0,
             "sig":55,
             "net":"ci",
             "code":"39649736",
             "ids":",ci39649736,",
             "sources":",ci,",
             "types":",focal-mechanism,nearby-cities,origin,phase-data,scitech-link,",
             "nst":60,
             "dmin":0.04968,
             "rms":0.18,
             "gap":25,
             "magType":"ml",
             "type":"earthquake",
             "title":"M 1.9 - 5km NNW of Big Bear City, CA"
          },
          "geometry":{
             "type":"Point",
             "coordinates":[
                -116.86,
                34.3061667,
                3.72
             ]
          },
          "id":"ci39649736"
       },
       {
          "type":"Feature",
          "properties":{
             "mag":1.9,
             "place":"41 km SE of Denali National Park, Alaska",
             "time":1601644476471,
             "updated":1601646453971,
             "tz":null,
             "url":"https://earthquake.usgs.gov/earthquakes/eventpage/ak020coo5hzz",
             "detail":"https://earthquake.usgs.gov/earthquakes/feed/v1.0/detail/ak020coo5hzz.geojson",
             "felt":null,
             "cdi":null,
             "mmi":null,
             "alert":null,
             "status":"automatic",
             "tsunami":0,
             "sig":56,
             "net":"ak",
             "code":"020coo5hzz",
             "ids":",ak020coo5hzz,",
             "sources":",ak,",
             "types":",origin,",
             "nst":null,
             "dmin":null,
             "rms":0.98,
             "gap":null,
             "magType":"ml",
             "type":"earthquake",
             "title":"M 1.9 - 41 km SE of Denali National Park, Alaska"
          },
          "geometry":{
             "type":"Point",
             "coordinates":[
                -151.1221,
                63.2875,
                0
             ]
          },
          "id":"ak020coo5hzz"
       },
       {
          "type":"Feature",
          "properties":{
             "mag":1.6,
             "place":"31 km SE of Mina, Nevada",
             "time":1601644464350,
             "updated":1601645859296,
             "tz":null,
             "url":"https://earthquake.usgs.gov/earthquakes/eventpage/nn00776711",
             "detail":"https://earthquake.usgs.gov/earthquakes/feed/v1.0/detail/nn00776711.geojson",
             "felt":null,
             "cdi":null,
             "mmi":null,
             "alert":null,
             "status":"automatic",
             "tsunami":0,
             "sig":39,
             "net":"nn",
             "code":"00776711",
             "ids":",nn00776711,",
             "sources":",nn,",
             "types":",origin,phase-data,",
             "nst":20,
             "dmin":0.037,
             "rms":0.09,
             "gap":83.09,
             "magType":"ml",
             "type":"earthquake",
             "title":"M 1.6 - 31 km SE of Mina, Nevada"
          },
          "geometry":{
             "type":"Point",
             "coordinates":[
                -117.8615,
                38.1892,
                13.6
             ]
          },
          "id":"nn00776711"
       },
       {
          "type":"Feature",
          "properties":{
             "mag":1.45,
             "place":"3km E of Westmorland, CA",
             "time":1601644409520,
             "updated":1601644647008,
             "tz":null,
             "url":"https://earthquake.usgs.gov/earthquakes/eventpage/ci39649728",
             "detail":"https://earthquake.usgs.gov/earthquakes/feed/v1.0/detail/ci39649728.geojson",
             "felt":null,
             "cdi":null,
             "mmi":null,
             "alert":null,
             "status":"automatic",
             "tsunami":0,
             "sig":32,
             "net":"ci",
             "code":"39649728",
             "ids":",ci39649728,",
             "sources":",ci,",
             "types":",nearby-cities,origin,phase-data,scitech-link,",
             "nst":20,
             "dmin":0.009044,
             "rms":0.24,
             "gap":55,
             "magType":"ml",
             "type":"earthquake",
             "title":"M 1.5 - 3km E of Westmorland, CA"
          },
          "geometry":{
             "type":"Point",
             "coordinates":[
                -115.5926667,
                33.0386667,
                5.61
             ]
          },
          "id":"ci39649728"
       },
       {
          "type":"Feature",
          "properties":{
             "mag":1.02,
             "place":"2km E of Colton, CA",
             "time":1601644375160,
             "updated":1601644590006,
             "tz":null,
             "url":"https://earthquake.usgs.gov/earthquakes/eventpage/ci39649720",
             "detail":"https://earthquake.usgs.gov/earthquakes/feed/v1.0/detail/ci39649720.geojson",
             "felt":null,
             "cdi":null,
             "mmi":null,
             "alert":null,
             "status":"automatic",
             "tsunami":0,
             "sig":16,
             "net":"ci",
             "code":"39649720",
             "ids":",ci39649720,",
             "sources":",ci,",
             "types":",nearby-cities,origin,phase-data,scitech-link,",
             "nst":20,
             "dmin":0.02602,
             "rms":0.35,
             "gap":157,
             "magType":"ml",
             "type":"earthquake",
             "title":"M 1.0 - 2km E of Colton, CA"
          },
          "geometry":{
             "type":"Point",
             "coordinates":[
                -117.2975,
                34.0723333,
                26.96
             ]
          },
          "id":"ci39649720"
       },
       {
          "type":"Feature",
          "properties":{
             "mag":0.94,
             "place":"10km NE of Milpitas, CA",
             "time":1601644095560,
             "updated":1601645105493,
             "tz":null,
             "url":"https://earthquake.usgs.gov/earthquakes/eventpage/nc73465686",
             "detail":"https://earthquake.usgs.gov/earthquakes/feed/v1.0/detail/nc73465686.geojson",
             "felt":null,
             "cdi":null,
             "mmi":null,
             "alert":null,
             "status":"automatic",
             "tsunami":0,
             "sig":14,
             "net":"nc",
             "code":"73465686",
             "ids":",nc73465686,",
             "sources":",nc,",
             "types":",nearby-cities,origin,phase-data,scitech-link,",
             "nst":9,
             "dmin":0.04727,
             "rms":0.03,
             "gap":113,
             "magType":"md",
             "type":"earthquake",
             "title":"M 0.9 - 10km NE of Milpitas, CA"
          },
          "geometry":{
             "type":"Point",
             "coordinates":[
                -121.8284988,
                37.4971657,
                4.22
             ]
          },
          "id":"nc73465686"
       }
    ]